DateAdded,IoC,Type
9/29/2022,172.93.201.253,ip
9/29/2022,137.184.15.189,ip
9/29/2022,44.238.74.84,ip
9/29/2022,olidhealth.com,domainname
9/29/2022,hurricanepub.com,domainname
9/29/2022,turnscor.com,domainname
9/29/2022,elite4print.com,domainname
9/29/2022,cats.runtimerec.com,domainname
9/29/2022,recruitment.raystechserv.com,domainname
9/29/2022,Amazon-KiTTY.exe,filename
9/29/2022,Amazon_IT_Assessment.iso,filename
9/29/2022,IT_Assessment.iso,filename
9/29/2022,amazon_assessment_test.iso,filename
9/29/2022,SecurePDF.exe,filename
9/29/2022,C:\ProgramData\Comms\colorui.dll,filepath
9/29/2022,%APPDATA%\KiTTY\mscoree.dll,filepath
9/29/2022,N:\2.MyDevelopment\3.Tools_Development\4.TightVNCCustomize\Munna_Customize\tightvnc\x64\\Release\tvnviewer.pdb,filepath
9/29/2022,"c:\windows\system32\schtasks.exe/CREATE/SCDAILY/MO1/ST10:30/TR""C:\Windows\System32\cmd.exe/cstart/bC:\ProgramData\PackageColor\colorcpl.exe0CE1241A44557AA438F27BC6D4ACA246""/TNPackageColor/F",filepath
9/29/2022,37e30dc2faaabaf93f0539ffbde032461ab63a2c242fbe6e1f60a22344c8a334,sha256
9/29/2022,14f736b7df6a35c29eaed82a47fc0a248684960aa8f2222b5ab8cdad28ead745,sha256
9/29/2022,1492fa04475b89484b5b0a02e6ba3e52544c264c294b57210404b96b65e63266,sha256
9/29/2022,aaad412aeb0f98c2c27bb817682f08673902a48b65213091534f96fe6f5494d9,sha256
9/29/2022,63cddab76e9d63e3cbea421b607342735d924e462c40f3917b1b5fbdf8d4a20d,sha256
9/29/2022,e1ecf0f7bd90553baaa83dcdc177e1d2b20d6ee5520f5d9b44cdf59389432b10,sha256
9/29/2022,c5a470cdf6f57125a8671f6b8843149cc78ccbc1a7bc615f34b23d9f241312bf,sha256
9/29/2022,71beb4252e93291c7b14dfcb4cbb5d58144a76181fbe4aab3592121a3dbd9c55,sha256
9/29/2022,"Mozilla/5.0(WindowsNT10.0;Win64;x64)AppleWebKit/537.36(KHTML,likeGecko)Chrome/102.0.5005.63Safari/537.36Edg/100.0.1185.39",useragent
9/29/2022,Mozilla/4.0(compatible;MSIE7.0;WindowsNT6.1;WOW64;Trident/4.0;SLCC2;.NETCLR2.0.50727;.NETCLR3.5.30729;.NETCLR3.0.30729;InfoPath.3;.NET4.0C;.NET4.0E),useragent
7/14/2022,99fc54786a72f32fd44c7391c2171ca31e72ca52725c68e2dde94d04c286fccd,sha256
7/14/2022,f8fc2445a9814ca8cf48a979bff7f182d6538f4d1ff438cf259268e8b4b76f86,sha256
7/14/2022,bea866b327a2dc2aa104b7ad7307008919c06620771ec3715a059e675d9f40af,sha256
7/14/2022,193.56.29.123,IP
7/14/2022,H0lyGh0st@mail2tor[.]com,Email
7/14/2022,C:\FOR_DECRYPT.html,FilePath
7/14/2022,cmd.exe/Q/cschtasks/create/tnlockertask/tr[File]/scminute/mo1/F/rusystem1>\\127.0.0.1\ADMIN$\__[randomnumber]2>&1,CommandLine
3/16/2023,codevexillium.org,domainname
3/16/2023,angeldonationblog.com,domainname
3/16/2023,investbooking.de,domainname
3/16/2023,krakenfolio.com,domainname
3/16/2023,incomeupdate.com,domainname
3/16/2023,zupertech.com,domainname
3/16/2023,databasegalore.com,domainname
3/16/2023,panhardware.com,domainname
3/16/2023,avsvmcloud.com,domainname
3/16/2023,digitalcollege.org,domainname
3/16/2023,freescanonline.com,domainname
3/16/2023,deftsecurity.com,domainname
3/16/2023,thedoccloud.com,domainname
3/16/2023,virtualdataserver.com,domainname
3/16/2023,lcomputers.com,domainname
3/16/2023,webcodez.com,domainname
3/16/2023,globalnetworkissues.com,domainname
3/16/2023,kubecloud.com,domainname
3/16/2023,seobundlekit.com,domainname
3/16/2023,solartrackingsystem.net,domainname
3/16/2023,virtualwebdata.com,domainname
3/16/2023,yahoo-verification.org,domainname
3/16/2023,support-servics.com,domainname
3/16/2023,verification-live.com,domainname
3/16/2023,com-mailbox.com,domainname
3/16/2023,com-myaccuants.com,domainname
3/16/2023,notification-accountservice.com,domainname
3/16/2023,accounts-web-mail.com,domainname
3/16/2023,customer-certificate.com,domainname
3/16/2023,session-users-activities.com,domainname
3/16/2023,user-profile-credentials.com,domainname
3/16/2023,verify-linke.com,domainname
3/16/2023,support-servics.net,domainname
3/16/2023,verify-linkedin.net,domainname
3/16/2023,yahoo-verification.net,domainname
3/16/2023,yahoo-verify.net,domainname
3/16/2023,outlook-verify.net,domainname
3/16/2023,com-users.net,domainname
3/16/2023,verifiy-account.net,domainname
3/16/2023,te1egram.net,domainname
3/16/2023,account-verifiy.net,domainname
3/16/2023,myaccount-services.net,domainname
3/16/2023,com-identifier-servicelog.name,domainname
3/16/2023,microsoft-update.bid,domainname
3/16/2023,outlook-livecom.bid,domainname
3/16/2023,update-microsoft.bid,domainname
3/16/2023,documentsfilesharing.cloud,domainname
3/16/2023,com-microsoftonline.club,domainname
3/16/2023,confirm-session-identifier.info,domainname
3/16/2023,session-management.info,domainname
3/16/2023,confirmation-service.info,domainname
3/16/2023,document-share.info,domainname
3/16/2023,broadcast-news.info,domainname
3/16/2023,customize-identity.info,domainname
3/16/2023,webemail.info,domainname
3/16/2023,com-identifier-servicelog.info,domainname
3/16/2023,documentsharing.info,domainname
3/16/2023,notification-accountservice.info,domainname
3/16/2023,identifier-activities.info,domainname
3/16/2023,documentofficupdate.info,domainname
3/16/2023,recoveryusercustomer.info,domainname
3/16/2023,serverbroadcast.info,domainname
3/16/2023,account-profile-users.info,domainname
3/16/2023,account-service-management.info,domainname
3/16/2023,accounts-manager.info,domainname
3/16/2023,activity-confirmation-service.info,domainname
3/16/2023,com-accountidentifier.info,domainname
3/16/2023,com-privacy-help.info,domainname
3/16/2023,com-sessionidentifier.info,domainname
3/16/2023,com-useraccount.info,domainname
3/16/2023,confirmation-users-service.info,domainname
3/16/2023,confirm-identity.info,domainname
3/16/2023,confirm-session-identification.info,domainname
3/16/2023,continue-session-identifier.info,domainname
3/16/2023,customer-recovery.info,domainname
3/16/2023,customers-activities.info,domainname
3/16/2023,elitemaildelivery.info,domainname
3/16/2023,email-delivery.info,domainname
3/16/2023,identify-user-session.info,domainname
3/16/2023,message-serviceprovider.info,domainname
3/16/2023,notificationapp.info,domainname
3/16/2023,notification-manager.info,domainname
3/16/2023,recognized-activity.info,domainname
3/16/2023,recover-customers-service.info,domainname
3/16/2023,recovery-session-change.info,domainname
3/16/2023,service-recovery-session.info,domainname
3/16/2023,service-session-continue.info,domainname
3/16/2023,session-mail-customers.info,domainname
3/16/2023,session-managment.info,domainname
3/16/2023,session-verify-user.info,domainname
3/16/2023,shop-sellwear.info,domainname
3/16/2023,supportmailservice.info,domainname
3/16/2023,terms-service-notification.info,domainname
3/16/2023,user-activity-issues.info,domainname
3/16/2023,useridentity-confirm.info,domainname
3/16/2023,users-issue-services.info,domainname
3/16/2023,verify-user-session.info,domainname
3/16/2023,login-gov.info,domainname
3/16/2023,notification-signal-agnecy.info,domainname
3/16/2023,notifications-center.info,domainname
3/16/2023,identifier-services-sessions.info,domainname
3/16/2023,customers-manager.info,domainname
3/16/2023,session-manager.info,domainname
3/16/2023,customer-managers.info,domainname
3/16/2023,confirmation-recovery-options.info,domainname
3/16/2023,service-session-confirm.info,domainname
3/16/2023,session-recovery-options.info,domainname
3/16/2023,services-session-confirmation.info,domainname
3/16/2023,notification-managers.info,domainname
3/16/2023,activities-services-notification.info,domainname
3/16/2023,activities-recovery-options.info,domainname
3/16/2023,activity-session-recovery.info,domainname
3/16/2023,customers-services.info,domainname
3/16/2023,sessions-notification.info,domainname
3/16/2023,download-teamspeak.info,domainname
3/16/2023,services-issue-notification.info,domainname
3/16/2023,microsoft-upgrade.mobi,domainname
3/16/2023,broadcastnews.pro,domainname
3/16/2023,mobile-messengerplus.network,domainname
10/22/2021,231b5517b583de102cde59630c3bf938155d17037162f663874e4662af2481b1,sha256
10/22/2021,da0be762bb785085d36aec80ef1697e25fb15414514768b3bcaf798dd9c9b169,sha256
10/22/2021,568392bd815de9b677788addfc4fa4b0a5847464b9208d2093a8623bbecd81e6,sha256
10/22/2021,Windows\\SystemResources\\Windows.Data.TimeZones\\pris\\Windows.Data.TimeZones.zh-PH.pri,FilePath
10/22/2021,Windows\\ADFS\\version.dll,FilePath
10/22/2021,/adfs/services/trust/2005/samlmixed/upload,URI1
10/22/2021,/adfs/portal/images/theme/light01/profile.webp,URI2
10/22/2021,/adfs/portal/images/theme/light01/logo.webp,URI2
10/22/2021,/adfs/portal/images/theme/light01/background.webp,URI2
3/16/2023,asyspy256.ddns.net,domainname
3/16/2023,hotkillmail9sddcc.ddns.net,domainname
3/16/2023,rosaf112.ddns.net,domainname
3/16/2023,cvdfhjh1231.myftp.biz,domainname
3/16/2023,sz2016rose.ddns.net,domainname
3/16/2023,dffwescwer4325.myftp.biz,domainname
3/16/2023,cvdfhjh1231.ddns.net,domainname
3/16/2023,beesweiserdog.com,domainname
3/16/2023,bluehostfit.com,domainname
3/16/2023,business-toys.com,domainname
3/16/2023,cleanskycloud.com,domainname
3/16/2023,cumberbat.com,domainname
3/16/2023,czreadsecurity.com,domainname
3/16/2023,dgtresorgouv.com,domainname
3/16/2023,dimediamikedask.com,domainname
3/16/2023,diresitioscon.com,domainname
3/16/2023,elcolectador.com,domainname
3/16/2023,elperuanos.org,domainname
3/16/2023,eprotectioneu.com,domainname
3/16/2023,fheacor.com,domainname
3/16/2023,followthewaterdata.com,domainname
3/16/2023,francevrteepress.com,domainname
3/16/2023,futtuhy.com,domainname
3/16/2023,gardienweb.com,domainname
3/16/2023,heimflugaustr.com,domainname
3/16/2023,ivpsers.com,domainname
3/16/2023,jkeducation.org,domainname
3/16/2023,micrlmb.com,domainname
3/16/2023,muthesck.com,domainname
3/16/2023,netscalertech.com,domainname
3/16/2023,newgoldbalmap.com,domainname
3/16/2023,news-laestrella.com,domainname
3/16/2023,noticialif.com,domainname
3/16/2023,opentanzanfoundation.com,domainname
3/16/2023,optonlinepress.com,domainname
3/16/2023,palazzochigi.com,domainname
3/16/2023,pandemicacre.com,domainname
3/16/2023,papa-ser.com,domainname
3/16/2023,pekematclouds.com,domainname
3/16/2023,pipcake.com,domainname
3/16/2023,popularservicenter.com,domainname
3/16/2023,projectsyndic.com,domainname
3/16/2023,qsadtv.com,domainname
3/16/2023,sankreal.com,domainname
3/16/2023,scielope.com,domainname
3/16/2023,seoamdcopywriting.com,domainname
3/16/2023,slidenshare.com,domainname
3/16/2023,somoswake.com,domainname
3/16/2023,squarespacenow.com,domainname
3/16/2023,subapostilla.com,domainname
3/16/2023,suzukicycles.net,domainname
3/16/2023,tatanotakeeps.com,domainname
3/16/2023,tijuanazxc.com,domainname
3/16/2023,transactioninfo.net,domainname
3/16/2023,eurolabspro.com,domainname
3/16/2023,adelluminate.com,domainname
3/16/2023,headhunterblue.com,domainname
3/16/2023,primenuesty.com,domainname
3/16/2023,154.223.45.38,ip
3/16/2023,185.141.207.140,ip
3/16/2023,185.234.73.19,ip
3/16/2023,216.245.210.106,ip
3/16/2023,51.91.48.210,ip
3/16/2023,46.255.230.229,ip
3/16/2023,1.34.18.93,ip
3/16/2023,100.33.165.248,ip
3/16/2023,100.33.165.28,ip
3/16/2023,101.108.162.177,ip
3/16/2023,101.108.167.251,ip
3/16/2023,101.108.248.161,ip
3/16/2023,103.124.143.61,ip
3/16/2023,103.164.191.36,ip
3/16/2023,103.192.116.183,ip
3/16/2023,103.99.110.226,ip
3/16/2023,104.12.62.156,ip
3/16/2023,107.145.79.16,ip
3/16/2023,108.73.191.154,ip
3/16/2023,109.177.110.140,ip
3/16/2023,109.221.187.58,ip
3/16/2023,109.236.81.182,ip
3/16/2023,109.236.81.188,ip
3/16/2023,109.242.167.129,ip
3/16/2023,109.96.178.72,ip
3/16/2023,112.165.92.68,ip
3/16/2023,112.167.113.231,ip
3/16/2023,112.167.60.33,ip
3/16/2023,112.184.112.96,ip
3/16/2023,113.253.121.199,ip
3/16/2023,114.199.225.193,ip
3/16/2023,114.34.190.191,ip
3/16/2023,115.132.238.119,ip
3/16/2023,115.132.53.193,ip
3/16/2023,115.135.42.216,ip
3/16/2023,115.79.80.84,ip
3/16/2023,116.103.168.90,ip
3/16/2023,116.88.216.196,ip
3/16/2023,117.26.235.164,ip
3/16/2023,117.26.73.133,ip
3/16/2023,118.101.231.80,ip
3/16/2023,118.138.236.140,ip
3/16/2023,118.34.234.26,ip
3/16/2023,118.43.146.92,ip
3/16/2023,119.195.78.32,ip
3/16/2023,119.200.211.210,ip
3/16/2023,119.201.159.113,ip
3/16/2023,119.201.161.130,ip
3/16/2023,119.206.11.136,ip
3/16/2023,120.211.140.116,ip
3/16/2023,120.77.39.85,ip
3/16/2023,121.141.149.197,ip
3/16/2023,121.142.67.225,ip
3/16/2023,121.164.19.172,ip
3/16/2023,121.181.17.231,ip
3/16/2023,121.234.228.126,ip
3/16/2023,124.13.61.89,ip
3/16/2023,125.136.216.1,ip
3/16/2023,13.58.172.164,ip
3/16/2023,131.100.148.7,ip
3/16/2023,137.184.177.59,ip
3/16/2023,138.199.7.227,ip
3/16/2023,139.60.160.162,ip
3/16/2023,14.36.192.10,ip
3/16/2023,14.46.30.184,ip
3/16/2023,14.49.248.54,ip
3/16/2023,141.95.64.148,ip
3/16/2023,142.255.18.179,ip
3/16/2023,142.93.34.32,ip
3/16/2023,143.198.107.150,ip
3/16/2023,143.244.44.170,ip
3/16/2023,147.135.1.175,ip
3/16/2023,152.250.191.213,ip
3/16/2023,157.245.199.17,ip
3/16/2023,159.203.161.189,ip
3/16/2023,159.203.187.181,ip
3/16/2023,162.255.45.28,ip
3/16/2023,164.52.93.85,ip
3/16/2023,164.52.93.86,ip
3/16/2023,164.52.93.87,ip
3/16/2023,165.22.151.166,ip
3/16/2023,167.250.11.202,ip
3/16/2023,167.58.211.31,ip
3/16/2023,167.60.126.181,ip
3/16/2023,167.60.46.249,ip
3/16/2023,167.86.70.160,ip
3/16/2023,167.99.165.40,ip
3/16/2023,169.150.196.130,ip
3/16/2023,169.150.196.138,ip
3/16/2023,169.150.196.91,ip
3/16/2023,170.210.45.163,ip
3/16/2023,171.234.12.121,ip
3/16/2023,171.250.134.55,ip
3/16/2023,173.212.229.216,ip
3/16/2023,173.53.68.115,ip
3/16/2023,173.54.231.132,ip
3/16/2023,173.77.246.136,ip
3/16/2023,175.140.95.243,ip
3/16/2023,175.145.110.100,ip
3/16/2023,175.145.138.85,ip
3/16/2023,175.197.136.62,ip
3/16/2023,175.197.8.74,ip
3/16/2023,175.199.13.220,ip
3/16/2023,175.209.137.174,ip
3/16/2023,175.211.251.33,ip
3/16/2023,176.103.88.57,ip
3/16/2023,176.177.120.198,ip
3/16/2023,176.205.156.72,ip
3/16/2023,176.233.96.226,ip
3/16/2023,176.43.27.96,ip
3/16/2023,177.104.89.107,ip
3/16/2023,177.106.118.70,ip
3/16/2023,177.106.91.115,ip
3/16/2023,177.125.72.96,ip
3/16/2023,177.141.68.165,ip
3/16/2023,177.184.220.204,ip
3/16/2023,177.191.129.86,ip
3/16/2023,177.235.105.67,ip
3/16/2023,177.36.223.2,ip
3/16/2023,177.36.223.249,ip
3/16/2023,177.81.108.182,ip
3/16/2023,178.237.216.185,ip
3/16/2023,178.237.219.20,ip
3/16/2023,178.237.219.203,ip
3/16/2023,179.104.191.121,ip
3/16/2023,179.24.40.233,ip
3/16/2023,179.24.99.219,ip
3/16/2023,179.60.149.12,ip
3/16/2023,180.75.93.180,ip
3/16/2023,182.253.194.23,ip
3/16/2023,182.253.194.28,ip
3/16/2023,183.108.148.168,ip
3/16/2023,183.109.209.39,ip
3/16/2023,184.71.199.226,ip
3/16/2023,185.177.124.97,ip
3/16/2023,185.180.222.95,ip
3/16/2023,185.183.34.151,ip
3/16/2023,185.183.34.168,ip
3/16/2023,185.184.192.178,ip
3/16/2023,185.220.100.241,ip
3/16/2023,185.220.100.249,ip
3/16/2023,185.220.101.25,ip
3/16/2023,185.220.101.4,ip
3/16/2023,185.220.101.53,ip
3/16/2023,185.220.101.59,ip
3/16/2023,185.220.101.64,ip
3/16/2023,185.220.101.77,ip
3/16/2023,185.220.102.245,ip
3/16/2023,185.243.92.71,ip
3/16/2023,186.210.175.156,ip
3/16/2023,186.210.220.71,ip
3/16/2023,186.50.66.31,ip
3/16/2023,187.104.138.144,ip
3/16/2023,187.193.133.169,ip
3/16/2023,187.194.162.50,ip
3/16/2023,187.200.167.97,ip
3/16/2023,187.223.119.250,ip
3/16/2023,187.230.163.67,ip
3/16/2023,188.214.116.61,ip
3/16/2023,188.26.106.84,ip
3/16/2023,188.6.14.13,ip
3/16/2023,189.128.89.102,ip
3/16/2023,189.140.11.247,ip
3/16/2023,189.15.74.99,ip
3/16/2023,189.150.184.73,ip
3/16/2023,189.236.44.233,ip
3/16/2023,189.236.73.136,ip
3/16/2023,189.68.178.183,ip
3/16/2023,190.133.138.127,ip
3/16/2023,190.2.131.204,ip
3/16/2023,190.215.93.194,ip
3/16/2023,190.88.92.118,ip
3/16/2023,191.55.16.204,ip
3/16/2023,191.55.183.20,ip
3/16/2023,191.55.184.110,ip
3/16/2023,193.231.34.204,ip
3/16/2023,193.77.113.5,ip
3/16/2023,194.135.92.31,ip
3/16/2023,195.225.55.6,ip
3/16/2023,197.246.175.223,ip
3/16/2023,197.98.180.13,ip
3/16/2023,2.85.92.224,ip
3/16/2023,200.201.132.166,ip
3/16/2023,200.202.229.218,ip
3/16/2023,201.110.66.183,ip
3/16/2023,201.170.231.234,ip
3/16/2023,204.14.73.58,ip
3/16/2023,204.195.153.53,ip
3/16/2023,206.189.76.34,ip
3/16/2023,206.43.244.157,ip
3/16/2023,206.62.172.136,ip
3/16/2023,210.187.250.169,ip
3/16/2023,211.149.246.144,ip
3/16/2023,211.194.94.177,ip
3/16/2023,211.198.176.132,ip
3/16/2023,211.218.197.41,ip
3/16/2023,211.250.25.55,ip
3/16/2023,211.253.197.134,ip
3/16/2023,211.51.62.226,ip
3/16/2023,211.59.70.159,ip
3/16/2023,212.102.35.232,ip
3/16/2023,213.192.3.90,ip
3/16/2023,213.231.144.222,ip
3/16/2023,217.116.154.231,ip
3/16/2023,217.138.194.198,ip
3/16/2023,218.10.17.144,ip
3/16/2023,218.149.67.172,ip
3/16/2023,218.150.29.226,ip
3/16/2023,218.154.96.127,ip
3/16/2023,218.157.155.138,ip
3/16/2023,218.159.61.174,ip
3/16/2023,218.48.208.173,ip
3/16/2023,218.51.52.193,ip
3/16/2023,218.53.196.32,ip
3/16/2023,219.94.47.206,ip
3/16/2023,220.119.184.232,ip
3/16/2023,220.122.150.65,ip
3/16/2023,220.122.193.32,ip
3/16/2023,220.194.70.77,ip
3/16/2023,220.79.54.48,ip
3/16/2023,221.145.69.216,ip
3/16/2023,221.163.131.30,ip
3/16/2023,221.226.159.22,ip
3/16/2023,221.228.87.37,ip
3/16/2023,222.104.66.6,ip
3/16/2023,222.105.240.160,ip
3/16/2023,222.114.55.72,ip
3/16/2023,222.92.158.182,ip
3/16/2023,24.1.12.142,ip
3/16/2023,24.182.233.122,ip
3/16/2023,24.192.236.190,ip
3/16/2023,24.218.21.243,ip
3/16/2023,24.46.246.100,ip
3/16/2023,24.90.151.211,ip
3/16/2023,36.37.187.101,ip
3/16/2023,37.29.81.4,ip
3/16/2023,41.203.140.114,ip
3/16/2023,42.190.119.90,ip
3/16/2023,45.151.167.10,ip
3/16/2023,45.226.120.25,ip
3/16/2023,46.1.167.162,ip
3/16/2023,46.26.52.198,ip
3/16/2023,46.30.182.2,ip
3/16/2023,47.112.197.98,ip
3/16/2023,47.196.90.36,ip
3/16/2023,47.34.148.98,ip
3/16/2023,49.48.182.81,ip
3/16/2023,49.7.224.217,ip
3/16/2023,5.188.62.196,ip
3/16/2023,5.188.62.250,ip
3/16/2023,5.189.132.145,ip
3/16/2023,50.216.244.194,ip
3/16/2023,51.171.20.56,ip
3/16/2023,58.71.217.98,ip
3/16/2023,59.13.31.130,ip
3/16/2023,59.26.32.106,ip
3/16/2023,59.8.67.20,ip
3/16/2023,60.53.85.154,ip
3/16/2023,60.54.160.221,ip
3/16/2023,61.178.32.114,ip
3/16/2023,61.6.225.75,ip
3/16/2023,61.75.17.33,ip
3/16/2023,61.81.52.99,ip
3/16/2023,61.81.70.113,ip
3/16/2023,61.84.254.12,ip
3/16/2023,62.112.11.79,ip
3/16/2023,62.112.11.81,ip
3/16/2023,62.234.107.172,ip
3/16/2023,62.248.48.198,ip
3/16/2023,62.69.130.66,ip
3/16/2023,63.248.19.47,ip
3/16/2023,64.180.156.188,ip
3/16/2023,65.131.164.231,ip
3/16/2023,65.23.183.32,ip
3/16/2023,67.52.230.46,ip
3/16/2023,67.81.197.201,ip
3/16/2023,67.84.250.238,ip
3/16/2023,68.183.189.173,ip
3/16/2023,68.40.210.36,ip
3/16/2023,70.23.249.73,ip
3/16/2023,71.105.127.15,ip
3/16/2023,71.105.166.147,ip
3/16/2023,71.28.34.158,ip
3/16/2023,72.252.32.125,ip
3/16/2023,72.28.3.70,ip
3/16/2023,73.139.139.153,ip
3/16/2023,73.18.232.222,ip
3/16/2023,73.197.103.219,ip
3/16/2023,73.245.38.87,ip
3/16/2023,73.46.162.76,ip
3/16/2023,73.57.60.193,ip
3/16/2023,75.66.54.165,ip
3/16/2023,76.101.28.214,ip
3/16/2023,76.186.99.160,ip
3/16/2023,77.222.19.122,ip
3/16/2023,77.40.2.155,ip
3/16/2023,78.128.113.170,ip
3/16/2023,78.141.238.186,ip
3/16/2023,79.187.81.5,ip
3/16/2023,81.103.206.108,ip
3/16/2023,81.214.133.193,ip
3/16/2023,81.70.142.4,ip
3/16/2023,82.11.17.72,ip
3/16/2023,83.63.119.104,ip
3/16/2023,84.3.123.163,ip
3/16/2023,84.51.11.207,ip
3/16/2023,85.190.240.134,ip
3/16/2023,86.109.208.194,ip
3/16/2023,88.245.227.123,ip
3/16/2023,88.245.235.217,ip
3/16/2023,88.64.228.58,ip
3/16/2023,89.38.97.151,ip
3/16/2023,89.58.16.22,ip
3/16/2023,91.148.80.56,ip
3/16/2023,91.191.209.190,ip
3/16/2023,91.205.217.175,ip
3/16/2023,92.205.28.59,ip
3/16/2023,92.247.114.88,ip
3/16/2023,92.27.174.142,ip
3/16/2023,92.81.19.149,ip
3/16/2023,94.154.188.130,ip
3/16/2023,94.228.116.150,ip
3/16/2023,94.64.23.187,ip
3/16/2023,95.234.186.220,ip
3/16/2023,95.80.99.90,ip
3/16/2023,96.2.176.206,ip
3/16/2023,96.243.27.61,ip
3/16/2023,98.175.168.209,ip
3/16/2023,98.219.200.104,ip
3/16/2023,seoulhobi.biz,domainname
3/16/2023,reader.cash,domainname
3/16/2023,pieceview.club,domainname
3/16/2023,app-wallet.com,domainname
3/16/2023,bigwnet.com,domainname
3/16/2023,bitwoll.com,domainname
3/16/2023,cexrout.com,domainname
3/16/2023,change-pw.com,domainname
3/16/2023,checkprofie.com,domainname
3/16/2023,cloudwebappservice.com,domainname
3/16/2023,ctquast.com,domainname
3/16/2023,dataviewering.com,domainname
3/16/2023,day-post.com,domainname
3/16/2023,dialy-post.com,domainname
3/16/2023,documentviewingcom.com,domainname
3/16/2023,dovvn-mail.com,domainname
3/16/2023,down-error.com,domainname
3/16/2023,drivecheckingcom.com,domainname
3/16/2023,drog-service.com,domainname
3/16/2023,encodingmail.com,domainname
3/16/2023,filinvestment.com,domainname
3/16/2023,foldershareing.com,domainname
3/16/2023,golangapis.com,domainname
3/16/2023,hotrnall.com,domainname
3/16/2023,lh-logins.com,domainname
3/16/2023,login-use.com,domainname
3/16/2023,mail-down.com,domainname
3/16/2023,matmiho.com,domainname
3/16/2023,mihomat.com,domainname
3/16/2023,natwpersonal-online.com,domainname
3/16/2023,nidlogin.com,domainname
3/16/2023,nid-login.com,domainname
3/16/2023,nidlogon.com,domainname
3/16/2023,pw-change.com,domainname
3/16/2023,rnaii.com,domainname
3/16/2023,rnailm.com,domainname
3/16/2023,sec-live.com,domainname
3/16/2023,secrityprocessing.com,domainname
3/16/2023,securitedmode.com,domainname
3/16/2023,securytingmail.com,domainname
3/16/2023,set-login.com,domainname
3/16/2023,usrchecking.com,domainname
3/16/2023,com-serviceround.info,domainname
3/16/2023,mai1.info,domainname
3/16/2023,reviewer.mobi,domainname
3/16/2023,files-download.net,domainname
3/16/2023,fixcool.net,domainname
3/16/2023,hanrnaii.net,domainname
3/16/2023,office356-us.org,domainname
3/16/2023,smtper.org,domainname
7/13/2021,144.34.179.162,ip
7/13/2021,98.176.196.89,ip
7/13/2021,68.235.178.32,ip
7/13/2021,208.113.35.58,ip
7/13/2021,97.77.97.58,ip
7/13/2021,mshta.exe,process
7/13/2021,cmd.exe,process
7/13/2021,ftp.exe,process
7/13/2021,Serv-U.exe,parentprocess
7/13/2021,Serv-U-Tray.exe,parentprocess
8/25/2022,91.121.240.104,ip
8/25/2022,164.132.237.64,ip
8/25/2022,e81a8f8ad804c4d83869d7806a303ff04f31cce376c5df8aada2e9db2c1eeb98,sha256
8/25/2022,416e937fb467b7092b9f038c1f1ea5ca831dd19ed478cca444a656b5d9440bb4,sha256
8/25/2022,25325dc4b8dcf3711e628d08854e97c49cfb904c08f6129ed1d432c6bfff576b,sha256
8/25/2022,3c2fe308c0a563e06263bbacf793bbe9b2259d795fcc36b953793a7e499e7f71,sha256
8/25/2022,3137413d086b188cd25ad5c6906fbb396554f36b41d5cff5a2176c28dd29fb0a,sha256
8/25/2022,87f317bbba0f50d033543e6ebab31665a74c206780798cef277781dfdd4c3f2f,sha256
8/25/2022,e4ca146095414dbe44d9ba2d702fd30d27214af5a0378351109d5f91bb69cdb6,sha256
8/25/2022,d2e2a0033157ff02d3668ef5cc56cb68c5540b97a359818c67bd3e37691b38c6,sha256
8/25/2022,3ca1778cd4c215f0f3bcfdd91186da116495f2d9c30ec22078eb4061ae4b5b1b,sha256
8/25/2022,bbfee9ef90814bf41e499d9608647a29d7451183e7fe25f472c56db9133f7e40,sha256
8/25/2022,b8206d45050df5f886afefa25f384bd517d5869ca37e08eba3500cda03bddfef,sha256
8/25/2022,sygateway.com,domainname
9/8/2022,144.76.6.34,ip
9/8/2022,176.9.18.143,ip
9/8/2022,148.251.232.252,ip
9/8/2022,148.251.233.231,ip
9/8/2022,185.82.72.111,ip
9/8/2022,216.24.219.65,ip
9/8/2022,216.24.219.64,ip
9/8/2022,46.30.189.66,ip
9/8/2022,bad65769c0b416bb16a82b5be11f1d4788239f8b2ba77ae57948b53a69e230a6,sha256
9/8/2022,bb45d8ffe245c361c04cca44d0df6e6bd7596cabd70070ffe0d9f519e3b620ea,sha256
9/8/2022,e67c7dbd51ba94ac4549cc9bcaabb97276e55aa20be9fae909f947b5b7691e6b,sha256
9/8/2022,ac4809764857a44b269b549f82d8d04c1294c420baa6b53e2f6b6cb4a3f7e9bd,sha256
9/8/2022,d1bec48c2a6a014d3708d210d48b68c545ac086f103016a20e862ac4a189279e,sha256
9/8/2022,d145058398705d8e20468332162964dce5d9e2ad419f03b61adf64c7e6d26de5,sha256
9/8/2022,1c926d4bf1a99b59391649f56abf9cd59548f5fcf6a0d923188e7e3cab1c95d0,sha256
9/8/2022,fb49dce92f9a028a1da3045f705a574f3c1997fe947e2c69699b17f07e5a552b,sha256
9/8/2022,45bf0057b3121c6e444b316afafdd802d16083282d1cbfde3cdbf2a9d0915ace,sha256
9/8/2022,dfd631e4d1f94f7573861cf438f5a33fe8633238d8d51759d88658e4fbac160a,sha256
9/8/2022,734b4c06a283982c6c3d2952df53e0b21e55f3805e55a6ace8379119d7ec1b1d,sha256
9/8/2022,f8db380cc495e98c38a9fb505acba6574cbb18cfe5d7a2bb6807ad1633bf2df8,sha256
9/8/2022,0b647d07bba697644e8a00cdcc8668bb83da656f3dee10c852eb11effe414a7e,sha256
9/8/2022,7ad64b64e0a4e510be42ba631868bbda8779139dc0daad9395ab048306cc83c5,sha256
9/8/2022,cad2bc224108142b5aa19d787c19df236b0d12c779273d05f9b0298a63dc1fe5,sha256
9/8/2022,f116acc6508843f59e59fb5a8d643370dce82f492a217764521f46a856cc4cb5,sha256
9/8/2022,e1204ebbd8f15dbf5f2e41dddc5337e3182fc4daf75b05acc948b8b965480ca0,sha256
3/16/2023,1174fd03271f80f5e2a6435c72bdd0272a6e3a37049f6190abf125b216a83471,sha256
3/16/2023,miniodaum.ml,domainname
3/16/2023,53f5773bbfbfbee660989d135c042c9f6f69024b9a4b65bdc0dfd44771762257,sha256
3/16/2023,0897c80df8b80b4c49bf1ccf876f5f782849608b830c3b5cb3ad212dc3e19eff,sha256
3/16/2023,135.125.147.170,ip
3/16/2023,185.244.129.79,ip
3/16/2023,45.80.149.108,ip
3/16/2023,45.80.149.57,ip
3/16/2023,45.80.149.68,ip
3/16/2023,45.80.149.71,ip
3/16/2023,185.244.129.109,ip
3/16/2023,172.96.188.51,ip
3/16/2023,51.83.246.73,ip
2/4/2022,acetica.online,domainname
2/4/2022,lenatara.ru,domainname
2/4/2022,oyoida.ru,domainname
2/4/2022,riontos.ru,domainname
2/4/2022,nerabis.ru,domainname
2/4/2022,adeltorr.ru,domainname
2/4/2022,ouichi.ru,domainname
2/4/2022,dushnilo.ru,domainname
2/4/2022,hostarama.ru,domainname
2/4/2022,jokolor.ru,domainname
2/4/2022,arianat.ru,domainname
2/4/2022,cryptonas.ru,domainname
2/4/2022,akowaika.ru,domainname
2/4/2022,artisola.ru,domainname
2/4/2022,nokratis.ru,domainname
2/4/2022,bartion.ru,domainname
2/4/2022,konoatari.ru,domainname
2/4/2022,torogat.ru,domainname
2/4/2022,boltorg.ru,domainname
2/4/2022,machiwo.ru,domainname
2/4/2022,bibliota.ru,domainname
2/4/2022,moonilar.ru,domainname
2/4/2022,inosokof.ru,domainname
2/4/2022,draagotan.ru,domainname
2/4/2022,kolotran.ru,domainname
2/4/2022,bilorotka.ru,domainname
2/4/2022,reapart.ru,domainname
2/4/2022,holotran.ru,domainname
2/4/2022,golofir.ru,domainname
2/4/2022,volotras.ru,domainname
2/4/2022,dokkade.ru,domainname
2/4/2022,nomukou.ru,domainname
2/4/2022,huskari.ru,domainname
2/4/2022,goloser.ru,domainname
2/4/2022,milopoda.ru,domainname
2/4/2022,goshita.ru,domainname
2/4/2022,mirotas.ru,domainname
2/4/2022,utemomac.ru,domainname
2/4/2022,gortomalo.ru,domainname
2/4/2022,zerotask.ru,domainname
2/4/2022,hajimari.ru,domainname
2/4/2022,ismetroh.ru,domainname
2/4/2022,hortoban.ru,domainname
2/4/2022,gloritapa.ru,domainname
2/4/2022,vasitron.ru,domainname
2/4/2022,libellus.ru,domainname
2/4/2022,vositra.ru,domainname
2/4/2022,hopfar.ru,domainname
2/4/2022,bobotal.ru,domainname
2/4/2022,nopaster.ru,domainname
2/4/2022,meshatr.ru,domainname
2/4/2022,fartopart.ru,domainname
2/4/2022,koprotas.ru,domainname
2/4/2022,historap.ru,domainname
2/4/2022,dangeti.ru,domainname
2/4/2022,nakushita.ru,domainname
2/4/2022,atasareru.ru,domainname
2/4/2022,golorta.ru,domainname
2/4/2022,jabilen.ru,domainname
2/4/2022,haguret.ru,domainname
2/4/2022,naletovo.ru,domainname
2/4/2022,uzumoreru.ru,domainname
2/4/2022,screato.ru,domainname
2/4/2022,herumot.ru,domainname
2/4/2022,klotrast.ru,domainname
2/4/2022,nattanda.ru,domainname
2/4/2022,sumikko.ru,domainname
2/4/2022,bellinor.ru,domainname
2/4/2022,saturapa.ru,domainname
2/4/2022,sundabokun.ru,domainname
2/4/2022,nokitrav.ru,domainname
2/4/2022,vivaldar.ru,domainname
2/4/2022,nokata.ru,domainname
2/4/2022,fortfar.ru,domainname
2/4/2022,rawaumi.ru,domainname
2/4/2022,nonima.ru,domainname
2/4/2022,ikaraur.ru,domainname
2/4/2022,nemoiti.ru,domainname
2/4/2022,dudocilo.ru,domainname
2/4/2022,wokoras.ru,domainname
2/4/2022,onihik.ru,domainname
2/4/2022,ruhodo.ru,domainname
2/4/2022,mudarist.ru,domainname
2/4/2022,gongorat.ru,domainname
2/4/2022,yazibo.ru,domainname
2/4/2022,pertolka.ru,domainname
2/4/2022,asdorta.ru,domainname
2/4/2022,holorta.ru,domainname
2/4/2022,gortisir.ru,domainname
2/4/2022,jupirest.ru,domainname
2/4/2022,ruchkalo.ru,domainname
2/4/2022,kolorato.ru,domainname
2/4/2022,kucart.ru,domainname
2/4/2022,filorta.ru,domainname
2/4/2022,vostilo.ru,domainname
2/4/2022,shitemo.ru,domainname
2/4/2022,warau.ru,domainname
2/4/2022,koltorist.ru,domainname
2/4/2022,gortova.ru,domainname
2/4/2022,lotorgas.ru,domainname
2/4/2022,sorawo.ru,domainname
2/4/2022,kimiga.ru,domainname
2/4/2022,hokoldar.ru,domainname
2/4/2022,amaniwa.ru,domainname
2/4/2022,masshir.ru,domainname
2/4/2022,telefar.ru,domainname
2/4/2022,kippuno.ru,domainname
2/4/2022,midiatr.ru,domainname
2/4/2022,nastorlam.ru,domainname
2/4/2022,martusi.ru,domainname
2/4/2022,urovista.ru,domainname
2/4/2022,kroviti.ru,domainname
2/4/2022,bibikaro.ru,domainname
2/4/2022,hilotrapa.ru,domainname
2/4/2022,kovalsko.ru,domainname
2/4/2022,vadilops.ru,domainname
2/4/2022,hibigaru.ru,domainname
2/4/2022,gribata.ru,domainname
2/4/2022,alebont.ru,domainname
2/4/2022,nukegaran.ru,domainname
2/4/2022,zvustro.ru,domainname
2/4/2022,lotorda.ru,domainname
2/4/2022,vnestri.ru,domainname
2/4/2022,dortisto.ru,domainname
2/4/2022,alacritas.ru,domainname
2/4/2022,brontaga.ru,domainname
2/4/2022,corolain.ru,domainname
2/4/2022,delicacy.delicate.maizuko.ru,domainname
2/4/2022,51b9e03db53b2d583f66e47af56bb0146630f8a175d4a439369045038d6d2a45,sha256
2/4/2022,2042a2feb4d9f54d65d7579a0afba9ee1c6d22e29127991fbf34ea3da1659904,sha256
2/4/2022,425ee82f20eb87e07a0d4f77adb72bf3377051365be203ee6ded37b399094f20,sha256
2/4/2022,fe068e324cd4175f857dfee4c23512ed01f3abbf8b6138b715caa1ba5e9486c0,sha256
2/4/2022,798cd714cf9e352c1e9de3d48971a366b09eeffb3513950fd64737d882c25a38,sha256
2/4/2022,ef9b39705decbb85269518705053e7f4087758eea6bab4ba9135bf1ae922b2ea,sha256
2/4/2022,a87e9d5e03db793a0c7b8e8e197d14745265422f05e6e50867cdfbd150d0c016,sha256
2/4/2022,c68eb2fa929373cac727764d2cc5ca94f19a0ec7fd8c0876b98f946e72d9fa03,sha256
2/4/2022,3b6445cf6f8e9e70cb0fff35d723fec8203375d67cbd67c9a672cddc02a7ff99,sha256
2/4/2022,bae9895ad4e392990a09b1b8a01e424a7ad3769e538ac693919d1b99989f0cb3,sha256
2/4/2022,c6e092316f61d2fc9c84299dd224a6e419e74c98c51a44023f8f72530ac28fdc,sha256
2/4/2022,cb0d151d930b17f6376c18aa15fd976eac53d6f07d065fc27c40b466e3bc49aa,sha256
2/4/2022,8ed03b1d544444b42385e79cd17c796fefae71d140b146d0757a3960d8ba3cba,sha256
2/4/2022,Trojan:MSIL/QuietSieve.Gen!dha,AVDetection
2/4/2022,TrojanDownloader:VBS/ObfuMerry.A!dha,AVDetection
2/4/2022,TrojanDownloader:VBS/ObfuBerry.A!dha,AVDetection
2/4/2022,TrojanDropper:Win32/PowerPunch.A!dha,AVDetection
2/4/2022,TrojanDropper:Win32/DinoTrain.gen!dha,AVDetection
2/4/2022,TrojanDownloader:VBS/DessertDown.A!dha,AVDetection
2/4/2022,TrojanDownloader:VBS/DessertDown.B!dha,AVDetection
2/4/2022,TrojanDownloader:Win32/DilongTrash!dha,AVDetection
2/4/2022,TrojanDownloader:Win32/PterodoGen.A!dha,AVDetection
2/4/2022,TrojanDownloader:Win32/PterodoGen.B!dha,AVDetection
2/4/2022,TrojanDownloader:Win32/PterodoGen.C!dha,AVDetection
8/15/2022,cache-dns.com,domainname
8/15/2022,cache-dns-forwarding.com,domainname
8/15/2022,cache-dns-preview.com,domainname
8/15/2022,cache-docs.com,domainname
8/15/2022,cache-pdf.com,domainname
8/15/2022,cache-pdf.online,domainname
8/15/2022,cache-services.live,domainname
8/15/2022,cloud-docs.com,domainname
8/15/2022,cloud-drive.live,domainname
8/15/2022,cloud-storage.live,domainname
8/15/2022,docs-cache.com,domainname
8/15/2022,docs-forwarding.online,domainname
8/15/2022,docs-info.com,domainname
8/15/2022,docs-shared.com,domainname
8/15/2022,docs-shared.online,domainname
8/15/2022,docs-view.online,domainname
8/15/2022,document-forwarding.com,domainname
8/15/2022,document-online.live,domainname
8/15/2022,document-preview.com,domainname
8/15/2022,documents-cloud.com,domainname
8/15/2022,documents-cloud.online,domainname
8/15/2022,documents-forwarding.com,domainname
8/15/2022,document-share.live,domainname
8/15/2022,documents-online.live,domainname
8/15/2022,documents-pdf.online,domainname
8/15/2022,documents-preview.com,domainname
8/15/2022,documents-view.live,domainname
8/15/2022,document-view.live,domainname
8/15/2022,drive-docs.com,domainname
8/15/2022,drive-share.live,domainname
8/15/2022,goo-link.online,domainname
8/15/2022,hypertextteches.com,domainname
8/15/2022,mail-docs.online,domainname
8/15/2022,officeonline365.live,domainname
8/15/2022,online365-office.com,domainname
8/15/2022,online-document.live,domainname
8/15/2022,online-storage.live,domainname
8/15/2022,pdf-cache.com,domainname
8/15/2022,pdf-cache.online,domainname
8/15/2022,pdf-docs.online,domainname
8/15/2022,pdf-forwarding.online,domainname
8/15/2022,protection-checklinks.xyz,domainname
8/15/2022,protection-link.online,domainname
8/15/2022,protectionmail.online,domainname
8/15/2022,protection-office.live,domainname
8/15/2022,protect-link.online,domainname
8/15/2022,proton-docs.com,domainname
8/15/2022,proton-reader.com,domainname
8/15/2022,proton-viewer.com,domainname
8/15/2022,relogin-dashboard.online,domainname
8/15/2022,safe-connection.online,domainname
8/15/2022,safelinks-protect.live,domainname
8/15/2022,secureoffice.live,domainname
8/15/2022,webresources.live,domainname
8/15/2022,word-yand.live,domainname
8/15/2022,yandx-online.cloud,domainname
8/15/2022,y-ml.co,domainname
8/15/2022,docs-drive.online,domainname
8/15/2022,docs-info.online,domainname
8/15/2022,cloud-mail.online,domainname
8/15/2022,onlinecloud365.live,domainname
8/15/2022,pdf-cloud.online,domainname
8/15/2022,pdf-shared.online,domainname
8/15/2022,proton-pdf.online,domainname
8/15/2022,proton-view.online,domainname
8/15/2022,office365-online.live,domainname
8/15/2022,doc-viewer.com,domainname
8/15/2022,file-milgov.systems,domainname
8/15/2022,office-protection.online,domainname
7/16/2021,noc-service-streamer.com,domainname
7/16/2021,fbcdnads.live,domainname
7/16/2021,hilocake.info,domainname
7/16/2021,backxercise.com,domainname
7/16/2021,winmslaf.xyz,domainname
7/16/2021,service-deamon.com,domainname
7/16/2021,online-affiliate-mon.com,domainname
7/16/2021,codeingasmylife.com,domainname
7/16/2021,kenoratravels.com,domainname
7/16/2021,weathercheck.digital,domainname
7/16/2021,colorpallatess.com,domainname
7/16/2021,library-update.com,domainname
7/16/2021,online-source-validate.com,domainname
7/16/2021,grayhornet.com,domainname
7/16/2021,johnshopkin.net,domainname
7/16/2021,eulenformacion.com,domainname
7/16/2021,pochtarossiy.info,domainname
7/16/2021,\\windows\\system32\\Physmem.sys,filepath1
7/16/2021,\\Windows\\system32\\ime\\SHARED\\WimBootConfigurations.ini,filepath3
7/16/2021,\\Windows\\system32\\ime\\IMEJP\\WimBootConfigurations.ini,filepath3
7/16/2021,\\Windows\\system32\\ime\\IMETC\\WimBootConfigurations.ini,filepath3
7/16/2021,\\windows\\system32\\,filepath2
7/16/2021,\\windows\\system32\\ime\\,filepath2
7/16/2021,hklm\\software\\classes\\clsid\\{cf4cc405-e2c5-4ddd-b3ce-5e7582d8c9fa}\\inprocserver32\\,regkey
7/16/2021,hklm\\software\\classes\\clsid\\{7c857801-7381-11cf-884d-00aa004b2e24}\\inprocserver32\\,regkey
7/16/2021,HKEY_LOCAL_MACHINE\\software\\classes\\clsid\\{7c857801-7381-11cf-884d-00aa004b2e24}\\inprocserver32\\,regkey
7/16/2021,HKEY_LOCAL_MACHINE\\software\\classes\\clsid\\{cf4cc405-e2c5-4ddd-b3ce-5e7582d8c9fa}\\inprocserver32\\,regkey
7/16/2021,c299063e3eae8ddc15839767e83b9808fd43418dc5a1af7e4f44b97ba53fbd3d,sha256
3/16/2023,irf.services,domainname
3/16/2023,microsoft-onthehub.com,domainname
3/16/2023,msofficelab.com,domainname
3/16/2023,com-mailbox.com,domainname
3/16/2023,my-sharefile.com,domainname
3/16/2023,my-sharepoints.com,domainname
3/16/2023,accounts-web-mail.com,domainname
3/16/2023,customer-certificate.com,domainname
3/16/2023,session-users-activities.com,domainname
3/16/2023,user-profile-credentials.com,domainname
3/16/2023,verify-linke.com,domainname
3/16/2023,support-servics.net,domainname
3/16/2023,onedrive-sharedfile.com,domainname
3/16/2023,onedrv-live.com,domainname
3/16/2023,transparencyinternational-my-sharepoint.com,domainname
3/16/2023,transparencyinternational-my-sharepoints.com,domainname
3/16/2023,soros-my-sharepoint.com,domainname
3/16/2023,de-ma.online,domainname
3/16/2023,g20saudi.000webhostapp.com,domainname
3/16/2023,ksat20.000webhostapp.com,domainname
3/16/2023,216.24.185.74,ip
3/16/2023,107.175.189.159,ip
3/16/2023,192.210.132.102,ip
3/16/2023,67.230.163.214,ip
3/16/2023,199.19.110.240,ip
3/16/2023,107.148.130.176,ip
3/16/2023,154.212.129.218,ip
3/16/2023,172.86.75.54,ip
3/16/2023,45.61.136.199,ip
3/16/2023,149.28.150.195,ip
3/16/2023,108.61.214.194,ip
3/16/2023,144.202.98.198,ip
3/16/2023,149.28.84.98,ip
3/16/2023,103.99.209.78,ip
3/16/2023,45.61.136.2,ip
3/16/2023,176.122.162.149,ip
3/16/2023,192.3.80.245,ip
3/16/2023,149.28.23.32,ip
3/16/2023,107.182.18.149,ip
3/16/2023,107.174.45.134,ip
3/16/2023,149.248.18.104,ip
3/16/2023,65.49.192.74,ip
3/16/2023,156.255.2.154,ip
3/16/2023,45.76.6.149,ip
3/16/2023,8.9.11.130,ip
3/16/2023,140.238.27.255,ip
3/16/2023,107.182.24.70,ip
3/16/2023,176.122.188.254,ip
3/16/2023,192.161.161.108,ip
3/16/2023,64.64.234.24,ip
3/16/2023,104.224.185.36,ip
3/16/2023,104.233.224.227,ip
3/16/2023,104.36.69.105,ip
3/16/2023,119.28.139.120,ip
3/16/2023,161.117.39.130,ip
3/16/2023,66.42.100.42,ip
3/16/2023,45.76.31.159,ip
3/16/2023,149.248.8.134,ip
3/16/2023,216.24.182.48,ip
3/16/2023,66.42.103.222,ip
3/16/2023,218.89.236.11,ip
3/16/2023,180.150.227.249,ip
3/16/2023,47.75.80.23,ip
3/16/2023,124.156.164.19,ip
3/16/2023,149.248.62.83,ip
3/16/2023,150.109.76.174,ip
3/16/2023,222.209.187.207,ip
3/16/2023,218.38.191.38,ip
3/16/2023,119.28.226.59,ip
3/16/2023,66.42.98.220,ip
3/16/2023,74.82.201.8,ip
3/16/2023,173.242.122.198,ip
3/16/2023,45.32.130.72,ip
3/16/2023,89.35.178.10,ip
3/16/2023,89.43.60.113,ip
4/12/2022,54660bd327c9b9d60a5b45cc59477c75b4a8e2266d988da8ed9956bcc95e6795,sha256
4/12/2022,a3baacffb7c74dc43bd4624a6abcd1c311e70a46b40dcc695b180556a9aa3bb2,sha256
4/12/2022,7e0f350864fb919917914b380da8d9b218139f61ab5e9b28b41ab94c2477b16d,sha256
1/14/2022,a196c6b8ffcb97ffb276d04f354696e2391311db3841ae16c8c9f56f36a38e92,sha256
1/14/2022,dcbbae5a1c61dbbbb7dcd6dc5dd1eb1169f5329958d38b58c3fd9384081c9b78,sha256
1/14/2022,cmd.exe/Q/cstartC:\\stage1.exe1>,CommandLine
1/14/2022,cmd.exe/Q/cstartC:\\temp\\stage1.exe1>,CommandLine
1/14/2022,cmd.exe/Q/cstartC:\\ProgramData\\stage1.exe1>,CommandLine
1/14/2022,cmd.exe/Q/cstartC:\\PerfLogs\\stage1.exe1>,CommandLine
9/29/2020,56ff731ac45bd95082663da70fc6cdb4560e5f84fc2ba36317cb7836a1534b3a,sha256
9/28/2020,196203ebe949fe0710c4f5627d8b60918a655c7b10532c18b701ab6d23c14264,sha256
9/30/2020,72b931b6cf769913f903ceed014197fb6a4d6a7b7efa6604c002f4293ffd7ef1,sha256
9/29/2020,6de9bf0b863a80a0fac9b568edc223a96912eebcce43be089049eff44dc51175,sha256
9/29/2020,9fe66cbfa5444ca865cf8742d38912dfffc13cbf312c6dca8ea4cb7a29147c9b,sha256
9/29/2020,b4516f02cf616ba461f15f81194660c5ce509a101e84b70277ca7345a22feade,sha256
9/28/2020,69cf3da5473db679e4dbd05dbf9573612c8a181bc0bc312439b3ccb6c5fe5455,sha256
9/28/2020,a44e9205aa17cf6c283c055a7affffd05bf163c837c47819bdba63114b901975,sha256
9/30/2020,387587286693f74a921032a65c22fc6103b6e93cea7f4f0d79693c155766ea10,sha256
9/29/2020,8e6450355434a1ccd54d12ff7a96f0f137d4722a31a0c55cab0336b0024c78e5,sha256
9/29/2020,b4925ff5ea42ff7a90e6f68a667412be32ce0bd9d59e88e9f2ecf5b1bef957fd,sha256
9/29/2020,44e9d0912e0b06fed4d9e809d491980ee2227f31db1dc63ec18f55b7febd0432,sha256
9/28/2020,d1aab791f661dfe9ad9f51bba8ac1ba2c8bb4e32fda724d71808603bde09abe3,sha256
9/30/2020,dac355adeb2f2c8b046f4a194bf17d0f56c4acb884d16643d9c64d4281b6f456,sha256
9/28/2020,279436eda0b5c357ddc51a3924b5eebcd6724dbd456b787923b9f15f07535d17,sha256
9/29/2020,1bcb3d63cfddabb81babe58f9fc4e45a3f32621df8db1991fd8f6819c7ef7f60,sha256
9/28/2020,5eaa69e4fe26ea90c90190ec02ce2529c21efd90d1754a47ca9cac1de3eaaf7c,sha256
9/28/2020,0d5e313c6b639f0c9e9b45fcd76a9c6641edcd3a2a87a51aa2aba8534d4ffc44,sha256
9/29/2020,2c5bcc2c78b8d079be96ec444932427cf9e6aaaa4cb4117d1dc7e5c25506981f,sha256
9/28/2020,e2e2c42675bdedb7a0e0618cc0b5a06a78db70262ce3d8ea3e3ee2847374dfa7,sha256
9/29/2020,d0c6259a157f2e535fab5ca3af541eae8fb7292672a18e4bfaae9432be5d7e6a,sha256
9/28/2020,204bf67a8aa1adde7d1d1ff80795e569de6a39401d7e02386ff61f2355769f8c,sha256
9/29/2020,bebd65392b738a340b486d2836fb58ae7f9dbab9e7814ed528628ef015688cc7,sha256
9/29/2020,ee044c45a3080df6e39917cd219f8a14ede6d2ff7507ae2431e51e6f5f9f39b8,sha256
9/29/2020,013b5f1609db979519d1c2f05b7d1ad7b3c9bdd371a0dacb7ab2929ba783eec5,sha256
9/29/2020,92d4a4bd8b0495231c231b78a1cc60421f8ab1e91682622df674e20968041aad,sha256
10/7/2020,8bff66e5f774ddb26225c40a2195c360ac20c022495c0c20eedbc2bc80831adc,sha256
10/14/2020,64c0bcded14a725f297ca98db0acbf1e9cca2ac310d8140a427faaf862aef42e,sha256
10/14/2020,90d0fff5e80fa06d5d03901cefff09640c53aa028dfe4f6ae67c7cc08e2f3ff7,sha256
10/13/2020,1f74c15bffeaa6fc865ad3d8de1b7aac9109862b246cae0a93cf5937d827f5be,sha256
10/13/2020,15e4d6e93ed51e357b711aad256259335f50d65ba615358a84c82b42d494fd85,sha256
10/13/2020,48085ed63a42f22dae616a341ef61dab66b6b65217df85f491966c778be5f138,sha256
10/14/2020,22f21150186caf4210f3b1a698e20d43c25d9e5e993d753fd56d44faed895933,sha256
10/14/2020,abca6e3635a4589f1dcff82eb20d38b79c8cd93f00a1bbaa2dc855c6f50e120b,sha256
10/13/2020,1b08fe6631d2310be1b0c9ac8b2b38adc0c2ece7729b45d643e5c35bf5bd4098,sha256
10/13/2020,8ac691925560c06137c8c6916ef91f528e9aab0ba5b9d13a76871da353a807b2,sha256
3/10/2021,8e90ed33c7ee82c0b64078ea36ec95f7420ba435c693b3b3dd728b494abf7dfc,sha256
3/10/2021,2f0bc81c2ea269643cae307239124d1b6479847867b1adfe9ae712a1d5ef135e,sha256
3/10/2021,a291305f181e24fe7194154b4cd355ccb039d5765709c80999e392efec69c90a,sha256
3/09/2021,511df0e2df9bfa5521b588cc4bb5f8c5a321801b803394ebc493db1ef3c78fa1,sha256
3/09/2021,b75f163ca9b9240bf4b37ad92bc7556b40a17e27c2b8ed5c8991385fe07d17d0,sha256
3/09/2021,4edc7770464a14f54d17f36dc9d0fe854f68b346b27b35a6f5839adf1f13f8ea,sha256
3/09/2021,811157f9c7003ba8d17b45eb3cf09bef2cecd2701cedb675274949296a6a183d,sha256
3/09/2021,65149e036fff06026d80ac9ad4d156332822dc93142cf1a122b1841ec8de34b5,sha256
3/09/2021,"C:\ProgramFiles\Microsoft\ExchangeServer\V15\FrontEnd\HttpProxy\owa\auth\8Lw7tAhF9i1pJnRo.aspx",filepath
3/09/2021,"C:\ProgramFiles\Microsoft\ExchangeServer\V15\FrontEnd\HttpProxy\owa\auth\OutlookZH.aspx",filepath
3/09/2021,"C:\ProgramFiles\Microsoft\ExchangeServer\V15\FrontEnd\HttpProxy\owa\auth\authhead.aspx",filepath
3/09/2021,"C:\ProgramFiles\Microsoft\ExchangeServer\V15\FrontEnd\HttpProxy\owa\auth\bob.aspx",filepath
3/09/2021,"C:\ProgramFiles\Microsoft\ExchangeServer\V15\FrontEnd\HttpProxy\owa\auth\current\one1.aspx",filepath
3/09/2021,"C:\ProgramFiles\Microsoft\ExchangeServer\V15\FrontEnd\HttpProxy\owa\auth\errorPage.aspx",filepath
3/09/2021,"C:\ProgramFiles\Microsoft\ExchangeServer\V15\FrontEnd\HttpProxy\owa\auth\errorPages.aspx",filepath
3/09/2021,"C:\ProgramFiles\Microsoft\ExchangeServer\V15\FrontEnd\HttpProxy\owa\auth\fatal/erro.aspx",filepath
3/09/2021,"C:\ProgramFiles\Microsoft\ExchangeServer\V15\FrontEnd\HttpProxy\owa\auth\log.aspx",filepath
3/09/2021,"C:\ProgramFiles\Microsoft\ExchangeServer\V15\FrontEnd\HttpProxy\owa\auth\logg.aspx",filepath
3/09/2021,"C:\ProgramFiles\Microsoft\ExchangeServer\V15\FrontEnd\HttpProxy\owa\auth\logout.aspx",filepath
3/09/2021,"C:\ProgramFiles\Microsoft\ExchangeServer\V15\FrontEnd\HttpProxy\owa\auth\one.aspx",filepath
3/09/2021,"C:\ProgramFiles\Microsoft\ExchangeServer\V15\FrontEnd\HttpProxy\owa\auth\one1.aspx",filepath
3/09/2021,"C:\ProgramFiles\Microsoft\ExchangeServer\V15\FrontEnd\HttpProxy\owa\auth\shel.aspx",filepath
3/09/2021,"C:\ProgramFiles\Microsoft\ExchangeServer\V15\FrontEnd\HttpProxy\owa\auth\shel2.aspx",filepath
3/09/2021,"C:\ProgramFiles\Microsoft\ExchangeServer\V15\FrontEnd\HttpProxy\owa\auth\shel90.aspx",filepath
3/09/2021,"C:\ProgramFiles\Microsoft\ExchangeServer\V15\FrontEnd\HttpProxy\owa\auth\a.aspx",filepath
3/09/2021,"C:\ProgramFiles\Microsoft\ExchangeServer\V15\FrontEnd\HttpProxy\owa\auth\default.aspx",filepath
3/09/2021,"C:\inetpub\wwwroot\aspnet_client\shell.aspx",filepath
3/09/2021,"C:\inetpub\wwwroot\aspnet_client\Server.aspx",filepath
3/09/2021,"C:\inetpub\wwwroot\aspnet_client\aspnet_client.aspx",filepath
3/09/2021,"C:\inetpub\wwwroot\aspnet_client\aspnet_iisstart.aspx",filepath
3/09/2021,"C:\inetpub\wwwroot\aspnet_client\aspnet_pages.aspx",filepath
3/09/2021,"C:\inetpub\wwwroot\aspnet_client\aspnet_www.aspx",filepath
3/09/2021,"C:\inetpub\wwwroot\aspnet_client\default1.aspx",filepath
3/09/2021,"C:\inetpub\wwwroot\aspnet_client\errorcheck.aspx",filepath
3/09/2021,"C:\inetpub\wwwroot\aspnet_client\iispage.aspx",filepath
3/09/2021,"C:\inetpub\wwwroot\aspnet_client\s.aspx",filepath
3/09/2021,"C:\inetpub\wwwroot\aspnet_client\session.aspx",filepath
3/09/2021,"C:\inetpub\wwwroot\aspnet_client\shell.aspx",filepath
3/09/2021,"C:\inetpub\wwwroot\aspnet_client\system_web\log.aspx",filepath
3/09/2021,"C:\inetpub\wwwroot\aspnet_client\xclkmcfldfi948398430fdjkfdkj.aspx",filepath
3/09/2021,"C:\inetpub\wwwroot\aspnet_client\xx.aspx",filepath
3/09/2021,"C:\inetpub\wwwroot\aspnet_client\Server.aspx",filepath
3/09/2021,"C:\inetpub\wwwroot\aspnet_client\discover.aspx",filepath
3/09/2021,"C:\inetpub\wwwroot\aspnet_client\HttpProxy.aspx",filepath
3/09/2021,"C:\inetpub\wwwroot\aspnet_client\OutlookEN.aspx",filepath
3/09/2021,"C:\inetpub\wwwroot\aspnet_client\supp0rt.aspx",filepath
3/09/2021,"C:\ProgramFiles\Microsoft\ExchangeServer\V15\FrontEnd\HttpProxy\OAB\log.aspx",filepath
3/09/2021,"C:\ProgramFiles\Microsoft\ExchangeServer\V15\FrontEnd\HttpProxy\owa\auth\log.aspx",filepath
3/09/2021,"C:\ProgramFiles\Microsoft\ExchangeServer\V15\FrontEnd\HttpProxy\owa\auth\logg.aspx",filepath
3/09/2021,"C:\ProgramFiles\Microsoft\ExchangeServer\V15\FrontEnd\HttpProxy\owa\auth\logout.aspx",filepath
3/11/2021,"C:\ProgramFiles\Microsoft\ExchangeServer\V15\FrontEnd\HttpProxy\owa\auth\Current\google.log",filepath
3/11/2021,"C:\inetpub\wwwroot\aspnet_client\google.log",filepath
3/11/2021,"C:\ProgramFiles\Microsoft\ExchangeServer\V15\FrontEnd\HttpProxy\owa\auth\google.log",filepath
3/11/2021,"C:\users\public\opera\opera_browser.exe",filepath
3/11/2021,e044d9f2d0f1260c3f4a543a1e67f33fcac265be114a1b135fd575b860d2b8c6,sha256
3/11/2021,2b9838da7edb0decd32b086e47a31e8f5733b5981ad8247a2f9508e232589bff,sha256
3/11/2021,feb3e6d30ba573ba23f3bd1291ca173b7879706d1fe039c34d53a4fdcdf33ede,sha256
3/15/2021,dd29e8d47dde124c7d14e614e03ccaab3ecaa50e0a0bef985ed59e98928bc13d,sha256
3/15/2021,201e4e9910dcdc8c4ffad84b60b328978db8848d265c0b9ba8473cf65dcd0c41,sha256
3/16/2021,5a5f4a1c7dbac3e1ac900f43415f378e88a7b591aff730d9715b62d6d782bdde,sha256
3/16/2021,"C:\inetpub\wwwroot\aspnet_client\services.aspx",filepath
3/19/2021,"C:\ProgramFiles\Microsoft\ExchangeServer\V15\FrontEnd\HttpProxy\owa\auth\Current\themes\resources\logon.aspx",filepath
3/19/2021,"C:\ProgramFiles\Microsoft\ExchangeServer\V15\FrontEnd\HttpProxy\ecp\auth\TimeoutLogout.aspx",filepath
3/19/2021,"C:\ProgramFiles\Microsoft\ExchangeServer\V15\FrontEnd\HttpProxy\ews\333.aspx",filepath
3/19/2021,"C:\ProgramFiles\Microsoft\ExchangeServer\V15\FrontEnd\HttpProxy\owa\auth\OutlookUS.aspx",filepath
3/22/2021,733b4d5174669caab2bbcc9bfe51606a13346b70af59fccea4f479d1fde7b5d7,sha256
3/24/2021,"C:\ProgramFiles\Microsoft\ExchangeServer\V15\FrontEnd\HttpProxy\owa\auth\ChackOutLookEN.aspx",filepath
3/24/2021,"C:\ProgramFiles\Microsoft\ExchangeServer\V15\FrontEnd\HttpProxy\owa\auth\ChackCookiePL.aspx",filepath
3/24/2021,"C:\ProgramFiles\Microsoft\ExchangeServer\V15\FrontEnd\HttpProxy\owa\auth\ChackIdAR.aspx",filepath
3/24/2021,"C:\ProgramFiles\Microsoft\ExchangeServer\V15\FrontEnd\HttpProxy\owa\auth\ChackOutLookAR.aspx",filepath
3/24/2021,"C:\ProgramFiles\Microsoft\ExchangeServer\V15\FrontEnd\HttpProxy\owa\auth\ChackReplaceIO.aspx",filepath
3/24/2021,"C:\ProgramFiles\Microsoft\ExchangeServer\V15\FrontEnd\HttpProxy\owa\auth\ChackPassDA.aspx",filepath
3/24/2021,"C:\ProgramFiles\Microsoft\ExchangeServer\V15\FrontEnd\HttpProxy\owa\auth\ChackLangPL.aspx",filepath
3/24/2021,"C:\ProgramFiles\Microsoft\ExchangeServer\V15\FrontEnd\HttpProxy\owa\auth\ChackPassPL.aspx",filepath
3/24/2021,"C:\ProgramFiles\Microsoft\ExchangeServer\V15\FrontEnd\HttpProxy\owa\auth\ChackCookieAS.aspx",filepath
3/24/2021,"C:\ProgramFiles\Microsoft\ExchangeServer\V15\FrontEnd\HttpProxy\owa\auth\ChackPassAS.aspx",filepath
3/24/2021,"C:\ProgramFiles\Microsoft\ExchangeServer\V15\FrontEnd\HttpProxy\owa\auth\ChackReplacePL.aspx",filepath
3/24/2021,"C:\ProgramFiles\Microsoft\ExchangeServer\V15\FrontEnd\HttpProxy\owa\auth\ChackIdAS.aspx",filepath
3/24/2021,"C:\ProgramFiles\Microsoft\ExchangeServer\V15\FrontEnd\HttpProxy\owa\auth\ChackLogsAS.aspx",filepath
3/24/2021,"C:\ProgramFiles\Microsoft\ExchangeServer\V15\FrontEnd\HttpProxy\owa\auth\ChackReplaceAS.aspx",filepath
3/24/2021,"C:\ProgramFiles\Microsoft\ExchangeServer\V15\FrontEnd\HttpProxy\owa\auth\ChackOutLookAS.aspx",filepath
3/24/2021,"C:\ProgramFiles\Microsoft\ExchangeServer\V15\FrontEnd\HttpProxy\owa\auth\ChackLogsSE.aspx",filepath
3/24/2021,"C:\ProgramFiles\Microsoft\ExchangeServer\V15\FrontEnd\HttpProxy\owa\auth\ChackOutLookSE.aspx",filepath
3/24/2021,"C:\ProgramFiles\Microsoft\ExchangeServer\V15\FrontEnd\HttpProxy\owa\auth\ChackLangDA.aspx",filepath
3/24/2021,"C:\ProgramFiles\Microsoft\ExchangeServer\V15\FrontEnd\HttpProxy\owa\auth\ChackCookieDA.aspx",filepath
3/24/2021,"C:\ProgramFiles\Microsoft\ExchangeServer\V15\FrontEnd\HttpProxy\owa\auth\ChackCookieAR.aspx",filepath
3/24/2021,"C:\ProgramFiles\Microsoft\ExchangeServer\V15\FrontEnd\HttpProxy\owa\auth\ChackAuthAS.aspx",filepath
3/24/2021,"C:\ProgramFiles\Microsoft\ExchangeServer\V15\FrontEnd\HttpProxy\owa\auth\ChackCookieSE.aspx",filepath
3/24/2021,"C:\ProgramFiles\Microsoft\ExchangeServer\V15\FrontEnd\HttpProxy\owa\auth\ChackOutLookPL.aspx",filepath
3/24/2021,"C:\ProgramFiles\Microsoft\ExchangeServer\V15\FrontEnd\HttpProxy\owa\auth\ChackAuthAR.aspx",filepath
3/24/2021,"C:\ProgramFiles\Microsoft\ExchangeServer\V15\FrontEnd\HttpProxy\owa\auth\ChackIdIO.aspx",filepath
3/24/2021,"C:\ProgramFiles\Microsoft\ExchangeServer\V15\FrontEnd\HttpProxy\owa\auth\ChackLogsIO.aspx",filepath
3/24/2021,"C:\ProgramFiles\Microsoft\ExchangeServer\V15\FrontEnd\HttpProxy\owa\auth\ChackLangAS.aspx",filepath
3/24/2021,"C:\ProgramFiles\Microsoft\ExchangeServer\V15\FrontEnd\HttpProxy\owa\auth\ChackIdEN.aspx",filepath
3/24/2021,"C:\ProgramFiles\Microsoft\ExchangeServer\V15\FrontEnd\HttpProxy\owa\auth\ChackIdDA.aspx",filepath
3/24/2021,"C:\ProgramFiles\Microsoft\ExchangeServer\V15\FrontEnd\HttpProxy\owa\auth\ChackIdSE.aspx",filepath
3/24/2021,"C:\ProgramFiles\Microsoft\ExchangeServer\V15\FrontEnd\HttpProxy\owa\auth\ChackAuthDA.aspx",filepath
3/24/2021,"C:\ProgramFiles\Microsoft\ExchangeServer\V15\FrontEnd\HttpProxy\owa\auth\ChackReplaceSE.aspx",filepath
3/24/2021,"C:\ProgramFiles\Microsoft\ExchangeServer\V15\FrontEnd\HttpProxy\owa\auth\ChackPassSE.aspx",filepath
3/24/2021,"C:\ProgramFiles\Microsoft\ExchangeServer\V15\FrontEnd\HttpProxy\owa\auth\ChackLangEN.aspx",filepath
3/24/2021,"C:\ProgramFiles\Microsoft\ExchangeServer\V15\FrontEnd\HttpProxy\owa\auth\ChackPassAR.aspx",filepath
3/24/2021,"C:\ProgramFiles\Microsoft\ExchangeServer\V15\FrontEnd\HttpProxy\owa\auth\ChackLangES.aspx",filepath
3/24/2021,"C:\ProgramFiles\Microsoft\ExchangeServer\V15\FrontEnd\HttpProxy\owa\auth\ChackPassES.aspx",filepath
3/24/2021,"C:\ProgramFiles\Microsoft\ExchangeServer\V15\FrontEnd\HttpProxy\owa\auth\ChackCookieEN.aspx",filepath
3/24/2021,"C:\ProgramFiles\Microsoft\ExchangeServer\V15\FrontEnd\HttpProxy\owa\auth\ChackLangAR.aspx",filepath
3/24/2021,"C:\ProgramFiles\Microsoft\ExchangeServer\V15\FrontEnd\HttpProxy\owa\auth\ChackIdES.aspx",filepath
3/24/2021,"C:\ProgramFiles\Microsoft\ExchangeServer\V15\FrontEnd\HttpProxy\owa\auth\ChackPassEN.aspx",filepath
3/24/2021,"C:\ProgramFiles\Microsoft\ExchangeServer\V15\FrontEnd\HttpProxy\owa\auth\ChackLogsAR.aspx",filepath
3/24/2021,"C:\ProgramFiles\Microsoft\ExchangeServer\V15\FrontEnd\HttpProxy\owa\auth\ChackIdPL.aspx",filepath
3/24/2021,"C:\ProgramFiles\Microsoft\ExchangeServer\V15\FrontEnd\HttpProxy\owa\auth\ChackOutLookES.aspx",filepath
3/24/2021,"C:\ProgramFiles\Microsoft\ExchangeServer\V15\FrontEnd\HttpProxy\owa\auth\ChackReplaceES.aspx",filepath
3/24/2021,"C:\ProgramFiles\Microsoft\ExchangeServer\V15\FrontEnd\HttpProxy\owa\auth\ChackCookieES.aspx",filepath
3/24/2021,"C:\ProgramFiles\Microsoft\ExchangeServer\V15\FrontEnd\HttpProxy\owa\auth\ChackReplaceEN.aspx",filepath
3/24/2021,"C:\ProgramFiles\Microsoft\ExchangeServer\V15\FrontEnd\HttpProxy\owa\auth\ChackAuthSE.aspx",filepath
3/24/2021,"C:\ProgramFiles\Microsoft\ExchangeServer\V15\FrontEnd\HttpProxy\owa\auth\ChackLangSE.aspx",filepath
3/24/2021,"C:\ProgramFiles\Microsoft\ExchangeServer\V15\FrontEnd\HttpProxy\owa\auth\ChackLangIO.aspx",filepath
3/24/2021,"C:\ProgramFiles\Microsoft\ExchangeServer\V15\FrontEnd\HttpProxy\owa\auth\ChackCookieIO.aspx",filepath
3/24/2021,"C:\ProgramFiles\Microsoft\ExchangeServer\V15\FrontEnd\HttpProxy\owa\auth\ChackLogsDA.aspx",filepath
3/24/2021,"C:\ProgramFiles\Microsoft\ExchangeServer\V15\FrontEnd\HttpProxy\owa\auth\ChackPassIO.aspx",filepath
3/25/2021,f517526fc57eb33edb832920b1678d52ad1c5cf9c707859551fe065727587501,sha256
3/25/2021,910fbfa8ef4ad7183c1b5bdd3c9fd1380e617ca0042b428873c48f71ddc857db,sha256
3/25/2021,fdec933ca1dd1387d970eeea32ce5d1f87940dfb6a403ab5fc149813726cbd65,sha256
3/25/2021,fbeefca700f84373509fd729579ad7ea0dabdfe25848f44b2fbf61bf7f909df0,sha256
3/25/2021,df23c003d62c35bd6da90df12826c1d3fdd94029bf52449ba3d89920110d5ec,sha256
3/25/2021,737752588f32e4c1d8d20231d7ec553a1bd4a0a090b06b2a1835efa08f9707c4,sha256
3/25/2021,7e07b6addf2f0d26eb17f4a1be1cba11ca8779b0677cedc30dbebef77ccba382,sha256
3/25/2021,bf53b637683f9cbf92b0dd6c97742787adfbc12497811d458177fdeeae9ec748,sha256
3/25/2021,a70931ebb1ce4f4e7d331141ad9eba8f16f98da1b079021eeba875aff4aeaa85,sha256
3/25/2021,c25a5c14269c990c94a4a20443c4eb266318200e4d7927c163e0eaec4ede780a,sha256
3/25/2021,db093418921aae00187ae5dc6ed141c83614e6a4ec33b7bd5262b7be0e9df2cd,sha256
3/25/2021,904fbea2cd68383f32c5bc630d2227601dc52f94790fe7a6a7b6d44bfd904ff3,sha256
3/25/2021,b9dbdf11da3630f464b8daace88e11c374a642e5082850e9f10a1b09d69ff04f,sha256
3/25/2021,c4aa94c73a50b2deca0401f97e4202337e522be3df629b3ef91e706488b64908,sha256
3/25/2021,10bce0ff6597f347c3cca8363b7c81a8bff52d2ff81245cd1e66a6e11aeb25da,sha256
3/25/2021,d8b5eaae03098bead91ff620656b9cfc569e5ac1befd0f55aee4cdb39e832b09,sha256
3/25/2021,f8d388f502403f63a95c9879c806e6799efff609001701eed409a8d33e55da2f,sha256
3/25/2021,69ce57932c3be3374e8843602df1c93e1af622fc53f3f1d9b0a75b66230a1e2e,sha256
3/25/2021,0993cc228a74381773a3bb0aa36a736f5c41075fa3201bdef4215a8704e582fc,sha256
3/25/2021,893ddf0de722f345b675fd1ade93ee1de6f1cad034004f9165a696a4a4758c3e,sha256
3/25/2021,56101ab0881a6a34513a949afb5a204cad06fd1034f37d6791f3ab31486ba56c,sha256
3/25/2021,9cf63310788e97f6e08598309cbbf19960162123e344df017b066ca8fcbed719,sha256
3/25/2021,dc612f5c0b115b5a13bdb9e86f89c5bfe232e5eb76a07c3c0a6d949f80af89fd,sha256
3/25/2021,9f2fe33b1c7230ec583d7f6ad3135abcc41b5330fa5b468b1c998380d20916cd,sha256
3/25/2021,a387c3c5776ee1b61018eeb3408fa7fa7490915146078d65b95621315e8b4287,sha256
3/25/2021,027119161d11ba87acc908a1d284b93a6bcafccc012e52ce390ecb9cd745bf27,sha256
3/25/2021,866b1f5c5edd9f01c5ba84d02e94ae7c1f9b2196af380eed1917e8fc21acbbdc,sha256
3/25/2021,d74e5c2b3d8a24b6519db89033013554fb9c326c8be2afeb0f1d9ef6e57c7b5a,sha256
3/25/2021,4f0b9c0482595eee6d9ece0705867b2aae9e4ff68210f32b7425caca763723b9,sha256
4/1/2021,5f7d898ade3162bfb0c8d3006c42e934ff81fab3b4ad3b51c13441fd63e438cb,sha256
4/1/2021,brian.krebsonsecurity.top,domainname
4/1/2021,krebsonsecurity.top,domainname
4/1/2021,jennifer.krebsonsecurity.top,domainname
3/16/2023,185.63.90.137,ip
3/16/2023,53854c6d163bfd0c56d8b297ac43bd25c21f696de6063031241e792ee65df441,sha256
3/16/2023,c297e545b8f150cc5ff56dbb68dc74fe30a421d9d40f38f4a53083192697c44c,sha256
3/16/2023,17921368901f23e0cad0d2fe4ce5694aebaf4727699ed0358117500701914d1b,sha256
3/16/2023,198a2d42df010d838b4207f478d885ef36e3db13b1744d673e221b828c28bf77,sha256
3/16/2023,71d7b48c2fdc7b57b104a7858a35165bbed21d2fa7e34828d6c1d50b2b33a1d0,sha256
3/16/2023,601227d52c6e367e11b80240183d07d38bc11a88e844e8401fce17eb25e92ba8,sha256
3/16/2023,63ff04bed4fdb120a9cb9b1ea7fd88e83f12fb01ab6a057088f8016e663b48d4,sha256
3/16/2023,a3037c3389b811bc1404f719af5c8b9034c5e24710cf3a0b457d28bf1b922cf7,sha256
3/16/2023,e19b8be1b21c066d60725e550f8455f824065abbf1b43f7b2fe4fb338b241ffc,sha256
3/16/2023,a3037c3389b811bc1404f719af5c8b9034c5e24710cf3a0b457d28bf1b922cf7,sha256
3/16/2023,onetechcompany.com,domainname
3/16/2023,reyweb.com,domainname
3/16/2023,srfnetwork.org,domainname
3/16/2023,sense4baby.fr,domainname
3/16/2023,nikeoutletinc.org,domainname
3/16/2023,megatoolkit.com,domainname
3/16/2023,185.225.69.69,ip
6/28/2021,203.107.53.48,ip
6/28/2021,47.242.187.153,ip
6/28/2021,32e0612a6fb72eb6a547151db446657a6ddc60b742bffc01021ab3bcc78ca70f,sha256
6/28/2021,518bb5839f75db15ade8af0590d92f0898bb74f1933dc31dc1eb9b1c301a60bf,sha256
6/28/2021,78a9962f22dee045e34d2e2259348d84b12e31a3fb5fa85f402bce9c91d08274,sha256
6/28/2021,8470749a8c67342cba72c1a96532e979b2cf53f5ce63be4e17ddf46231543629,sha256
6/28/2021,87e5324792913935e418515e0ccc25999935792255bb99d845962d939591c704,sha256
6/28/2021,d949659d543222612495a64ea66655c5b796a92a829d55a9465d26133a17fc76,sha256
6/28/2021,e2a1c248459872cdd321b5a02c65530c119deb2f29f0ef9cdbc474ce2a2b0439,sha256
6/28/2021,fe40617dc0df32d1e38edd3ede33c1d63878a54fc4f201a91d3cffb31fc0c79d,sha256
6/28/2021,6c116b18cada0beafd926adea747846d6976dd5bf3b136f67e2d28ddb32c6ba8,sha256
6/28/2021,77a568faee0a3013c18a902e7718361be78e9fb2d521f0bc6713e1b57b0e32d9,sha256
6/28/2021,ffcf0ef8b0274db75b396075d82f8e0bb3c321b56afe3afbea5aa2b717d85d68,sha256
6/28/2021,7b250f6dd81c44beecf9737a43012b0fc04b36b7854890cad3439b186f93258f,sha256
6/28/2021,04e9283772808f2a2515e32f4b00065992f5d9611e81bfaed46f4a8147af5a78,sha256
6/28/2021,839abdc630d4d42c5ded024e548b54c463be7501ca590dc5c818a4cef760fc99,sha256
6/28/2021,d6fc3e41f78dc3aeb56effd35a6096c2761b23e8c24aa6aca0958b1a3b548e17,sha256
6/28/2021,88848cb03abfd70596663905e41a1afac1d9bc0dbf1d6212d5d802b83b09d0f0,sha256
6/28/2021,hpool.com,domainname
6/28/2021,Chia.exe,process
6/28/2021,chia_plot.exe,process
6/28/2021,chia-plotter-windows-amd64.exe,process
6/28/2021,ProofOfSpace.exe,process
6/28/2021,hpool-miner-chia-gui.exe,process
6/28/2021,hpool-miner-chia-console.exe,process
3/16/2023,zerossl.ocsp.sectigo.com,domainname
3/16/2023,99.80.147.165,ip
